bank,date
RBI,2023-02-08
RBI,2023-04-06
RBI,2023-06-08
RBI,2023-08-10
RBI,2023-10-06
RBI,2024-02-08
RBI,2024-04-05
RBI,2024-06-07
RBI,2024-08-08
RBI,2024-10-09
RBI,2024-12-06
RBI,2025-02-07
RBI,2025-04-09
RBI,2025-06-06
RBI,2025-08-06
RBI,2025-10-01
RBI,2025-12-05
RBI,2026-02-06
FED,2023-02-01
FED,2023-03-22
FED,2023-05-03
FED,2023-06-14
FED,2023-07-26
FED,2023-09-20
FED,2023-11-01
FED,2023-12-13
FED,2024-01-31
FED,2024-03-20
FED,2024-05-01
FED,2024-06-12
FED,2024-07-31
FED,2024-09-18
FED,2024-11-06
FED,2024-12-18
FED,2025-01-29
FED,2025-03-19
FED,2025-05-07
FED,2025-06-18
FED,2025-07-30
FED,2025-09-17
FED,2025-10-29
FED,2025-12-10
